Key,Array
B0000530HU,"[0.3725534059113148, -0.06209223431855247, 5.091563214121303, -0.06209223431855247, -0.06209223431855247, -0.06209223431855247, -0.12418446863710494, -0.06209223431855247, -0.12418446863710494, -0.06209223431855247]"
B00006L9LC,"[23.098311166501517, 19.12440817011416, 57.00067110443117, 21.732282011493364, 18.689762529884295, 14.52958283054128, 13.225645909851675, 18.193024655335876, 18.068840186698772, 14.281213893267068]"
B0012Y0ZG2,"[0.0, 4.967378745484198, 15.647243048275222, 0.0, 5.153655448439856, 0.0, 0.0, 6.2713156661738, 0.0, 4.408548636617226]"
B00W259T7G,"[1.3660291550081545, 5.029470979802751, 20.117883919211, 1.3660291550081545, 1.3660291550081545, 1.3660291550081545, 0.6830145775040772, 1.3660291550081545, 1.3660291550081545, 3.8497185277502535]"
B019FWRG3C,"[0.0, 0.0, 2.483689372742099, -2.483689372742099, 0.0, 0.0, 0.0, 0.0, 0.0, 0.0]"
