Key,Array
B0000530HU,0.4967378745484198
B00006L9LC,0.4967378745484198
B0012Y0ZG2,0.4967378745484198
B00W259T7G,0.4967378745484198
B019FWRG3C,0.4967378745484198
