Key,Array
B0000530HU,"[ 0.         -0.13698858 -0.13698858  0.47946004  2.67127737 -0.06849429
 -0.13698858  2.67127737 -0.13698858 -0.13698858]"
B00006L9LC,"[ 8.42479785 11.30155809 13.76735258 48.42546404  8.21931497 14.17831833
 14.65777837 13.21939825 23.08257621 11.30155809]"
